-- ============================================================
-- BUA Asset Management - Database Creation Script
-- ============================================================
-- This script will create the database and seed the 8 faculties
-- Usage: 
--   1. Open MySQL Workbench
--   2. Create a new connection to localhost:3306
--   3. Copy this entire script
--   4. Paste into a new query tab
--   5. Execute (Ctrl+Enter)
-- ============================================================

-- Step 1: Create database
CREATE DATABASE IF NOT EXISTS bua_assets CHARACTER SET utf8mb4 COLLATE utf8mb4_unicode_ci;
USE bua_assets;

-- Step 2: Insert 8 faculties
INSERT IGNORE INTO faculties (id, name, code, createdAt, updatedAt) VALUES
(1, 'ูููุฉ ุงูุตูุฏูุฉ', 'PHARM', NOW(), NOW()),
(2, 'ูููุฉ ุทุจ ุงููู ูุงูุฃุณูุงู', 'DENT', NOW(), NOW()),
(3, 'ูููุฉ ุงูุทุจ ุงูุจูุทุฑู', 'VET', NOW(), NOW()),
(4, 'ูููุฉ ุงูุนูุงุฌ ุงูุทุจูุนู', 'PT', NOW(), NOW()),
(5, 'ูููุฉ ุงูุชูุฑูุถ', 'NURS', NOW(), NOW()),
(6, 'ูููุฉ ุงูุจููุชูููููุฌูุง', 'BIO', NOW(), NOW()),
(7, 'ูููุฉ ุงูุทุจ ุงูุจุดุฑู', 'MED', NOW(), NOW()),
(8, 'ูููุฉ ุงูุนููู ุงูุตุญูุฉ', 'HS', NOW(), NOW());

-- Step 3: Insert 20 departments
INSERT IGNORE INTO departments (id, facultyId, name, code, createdAt, updatedAt) VALUES
(1, 1, 'ูุณู ุงูุตูุฏูุฉ ุงูุฅูููููููุฉ', 'PHARM-CL', NOW(), NOW()),
(2, 1, 'ูุณู ุงูุตูุฏูุฉ ุงูุตูุงุนูุฉ', 'PHARM-IND', NOW(), NOW()),
(3, 1, 'ูุณู ุงูููููุงุก ุงูุฏูุงุฆูุฉ', 'PHARM-CHEM', NOW(), NOW()),
(4, 2, 'ูุณู ุทุจ ุงูุฃุณูุงู ุงูุนุงู', 'DENT-GEN', NOW(), NOW()),
(5, 2, 'ูุณู ุทุจ ุงูุฃุณูุงู ุงูุชุญูุธู', 'DENT-CONS', NOW(), NOW()),
(6, 2, 'ูุณู ุฌุฑุงุญุฉ ุงููู ูุงููููู', 'DENT-SURG', NOW(), NOW()),
(7, 3, 'ูุณู ุงูุทุจ ุงูุจุงุทูู ุงูุจูุทุฑู', 'VET-INT', NOW(), NOW()),
(8, 3, 'ูุณู ุงูุฌุฑุงุญุฉ ุงูุจูุทุฑูุฉ', 'VET-SURG', NOW(), NOW()),
(9, 3, 'ูุณู ุงูุฅูุชุงุฌ ุงูุญููุงูู', 'VET-PROD', NOW(), NOW()),
(10, 4, 'ูุณู ุงูุนูุงุฌ ุงูุทุจูุนู ุงูุนุงู', 'PT-GEN', NOW(), NOW()),
(11, 4, 'ูุณู ุฅุนุงุฏุฉ ุงูุชุฃููู', 'PT-REHAB', NOW(), NOW()),
(12, 5, 'ูุณู ุงูุชูุฑูุถ ุงูุณุฑูุฑู', 'NURS-CL', NOW(), NOW()),
(13, 5, 'ูุณู ุชูุฑูุถ ุงููุฌุชูุน', 'NURS-COM', NOW(), NOW()),
(14, 6, 'ูุณู ุงูููุฏุณุฉ ุงููุฑุงุซูุฉ', 'BIO-GEN', NOW(), NOW()),
(15, 6, 'ูุณู ุงูุจููููุฌูุง ุงูุฌุฒูุฆูุฉ', 'BIO-MOL', NOW(), NOW()),
(16, 7, 'ูุณู ุงูุทุจ ุงูุจุงุทูู', 'MED-INT', NOW(), NOW()),
(17, 7, 'ูุณู ุงูุฌุฑุงุญุฉ ุงูุนุงูุฉ', 'MED-SURG', NOW(), NOW()),
(18, 7, 'ูุณู ุทุจ ุงูุฃุทูุงู', 'MED-PED', NOW(), NOW()),
(19, 8, 'ูุณู ุงูุตุญุฉ ุงูุนุงูุฉ', 'HS-PH', NOW(), NOW()),
(20, 8, 'ูุณู ุนููู ุงูุชุบุฐูุฉ', 'HS-NUTR', NOW(), NOW()),
(21, 8, 'ูุณู ุงููุฎุชุจุฑุงุช ุงูุทุจูุฉ', 'HS-LAB', NOW(), NOW());

-- Step 4: Insert 21 laboratories
INSERT IGNORE INTO laboratories (id, departmentId, name, code, location, createdAt, updatedAt) VALUES
(1, 1, 'ูุฎุชุจุฑ ุงูุตูุฏูุฉ ุงูุฅูููููููุฉ 1', 'PHARM-CL-LAB1', 'ุงููุจูู A - ุงูุทุงุจู 2', NOW(), NOW()),
(2, 1, 'ูุฎุชุจุฑ ุงูุตูุฏูุฉ ุงูุฅูููููููุฉ 2', 'PHARM-CL-LAB2', 'ุงููุจูู A - ุงูุทุงุจู 3', NOW(), NOW()),
(3, 2, 'ูุฎุชุจุฑ ุงูุตูุฏูุฉ ุงูุตูุงุนูุฉ', 'PHARM-IND-LAB', 'ุงููุจูู B - ุงูุทุงุจู 1', NOW(), NOW()),
(4, 3, 'ูุฎุชุจุฑ ุงูููููุงุก ุงูุฏูุงุฆูุฉ', 'PHARM-CHEM-LAB', 'ุงููุจูู C - ุงูุทุงุจู 2', NOW(), NOW()),
(5, 4, 'ุนูุงุฏุฉ ุทุจ ุงูุฃุณูุงู ุงูุนุงู 1', 'DENT-GEN-CL1', 'ุงููุจูู D - ุงูุทุงุจู 1', NOW(), NOW()),
(6, 4, 'ุนูุงุฏุฉ ุทุจ ุงูุฃุณูุงู ุงูุนุงู 2', 'DENT-GEN-CL2', 'ุงููุจูู D - ุงูุทุงุจู 2', NOW(), NOW()),
(7, 5, 'ุนูุงุฏุฉ ุงูุชุญูุธู', 'DENT-CONS-CL', 'ุงููุจูู D - ุงูุทุงุจู 3', NOW(), NOW()),
(8, 6, 'ุบุฑูุฉ ุฌุฑุงุญุฉ ุงููู', 'DENT-SURG-OR', 'ุงููุจูู D - ุงูุทุงุจู 4', NOW(), NOW()),
(9, 7, 'ุนูุงุฏุฉ ุงูุทุจ ุงูุจุงุทูู', 'VET-INT-CL', 'ุงููุจูู E - ุงูุทุงุจู 1', NOW(), NOW()),
(10, 8, 'ุบุฑูุฉ ุงูุฌุฑุงุญุฉ ุงูุจูุทุฑูุฉ', 'VET-SURG-OR', 'ุงููุจูู E - ุงูุทุงุจู 2', NOW(), NOW()),
(11, 9, 'ูุฎุชุจุฑ ุงูุฅูุชุงุฌ ุงูุญููุงูู', 'VET-PROD-LAB', 'ุงููุจูู E - ุงูุทุงุจู 3', NOW(), NOW()),
(12, 10, 'ูุงุนุฉ ุงูุนูุงุฌ ุงูุทุจูุนู', 'PT-GEN-HALL', 'ุงููุจูู F - ุงูุทุงุจู 1', NOW(), NOW()),
(13, 11, 'ูุฑูุฒ ุฅุนุงุฏุฉ ุงูุชุฃููู', 'PT-REHAB-CTR', 'ุงููุจูู F - ุงูุทุงุจู 2', NOW(), NOW()),
(14, 12, 'ูุงุนุฉ ุงูุชูุฑูุถ ุงูุณุฑูุฑู', 'NURS-CL-HALL', 'ุงููุจูู G - ุงูุทุงุจู 1', NOW(), NOW()),
(15, 13, 'ูุฎุชุจุฑ ุชูุฑูุถ ุงููุฌุชูุน', 'NURS-COM-LAB', 'ุงููุจูู G - ุงูุทุงุจู 2', NOW(), NOW()),
(16, 14, 'ูุฎุชุจุฑ ุงูููุฏุณุฉ ุงููุฑุงุซูุฉ', 'BIO-GEN-LAB', 'ุงููุจูู H - ุงูุทุงุจู 1', NOW(), NOW()),
(17, 15, 'ูุฎุชุจุฑ ุงูุจููููุฌูุง ุงูุฌุฒูุฆูุฉ', 'BIO-MOL-LAB', 'ุงููุจูู H - ุงูุทุงุจู 2', NOW(), NOW()),
(18, 16, 'ุนูุงุฏุฉ ุงูุทุจ ุงูุจุงุทูู', 'MED-INT-CL', 'ุงููุจูู I - ุงูุทุงุจู 1', NOW(), NOW()),
(19, 17, 'ุบุฑูุฉ ุงูุฌุฑุงุญุฉ ุงูุนุงูุฉ', 'MED-SURG-OR', 'ุงููุจูู I - ุงูุทุงุจู 2', NOW(), NOW()),
(20, 18, 'ุนูุงุฏุฉ ุทุจ ุงูุฃุทูุงู', 'MED-PED-CL', 'ุงููุจูู I - ุงูุทุงุจู 3', NOW(), NOW()),
(21, 19, 'ูุฎุชุจุฑ ุงูุตุญุฉ ุงูุนุงูุฉ', 'HS-PH-LAB', 'ุงููุจูู J - ุงูุทุงุจู 1', NOW(), NOW()),
(22, 20, 'ูุฎุชุจุฑ ุนููู ุงูุชุบุฐูุฉ', 'HS-NUTR-LAB', 'ุงููุจูู J - ุงูุทุงุจู 2', NOW(), NOW()),
(23, 21, 'ูุฎุชุจุฑ ุงููุฎุชุจุฑุงุช ุงูุทุจูุฉ', 'HS-LAB-LAB', 'ุงููุจูู J - ุงูุทุงุจู 3', NOW(), NOW());

-- Step 5: Verify data
SELECT 'โ Faculties' as Type, COUNT(*) as Count FROM faculties
UNION ALL
SELECT 'โ Departments', COUNT(*) FROM departments
UNION ALL
SELECT 'โ Laboratories', COUNT(*) FROM laboratories;

-- Success message
SELECT '๐ ุชู ุฅูุดุงุก ูุงุนุฏุฉ ุงูุจูุงูุงุช ุจูุฌุงุญ! Database created successfully!' as 'โจ Result';
